hcp_id,specialty,territory,years_in_practice,patient_volume_monthly,hospital_affiliated,rx_potential_score
HCP0001,Neurologist,Northwest,29,245,1,30.239986851706256
HCP0002,Cardiologist,Midwest,10,979,0,52.667042614075626
HCP0003,General Physician,West,12,1071,1,77.8711050443548
HCP0004,Cardiologist,Northeast,30,694,1,62.917901832240474
HCP0005,General Physician,Southwest,1,276,0,0.0
HCP0006,General Physician,Midwest,5,750,1,38.612135487400565
HCP0007,Endocrinologist,Southeast,20,314,1,35.22345797777032
HCP0008,Cardiologist,Southeast,8,695,0,49.248536592894055
HCP0009,General Physician,Midwest,12,260,1,30.250120780849173
HCP0010,General Physician,Northwest,1,992,0,37.32266499089853
HCP0011,General Physician,Southeast,20,506,0,15.829897199562993
HCP0012,General Physician,West,28,774,1,56.763979166568056
HCP0013,Cardiologist,Northeast,12,1031,0,37.59377764639078
HCP0014,Oncologist,West,28,637,1,47.576388825274925
HCP0015,Cardiologist,Southeast,15,525,1,46.7007599344195
HCP0016,General Physician,Southwest,6,1035,1,57.65001207922657
HCP0017,Pulmonologist,Northeast,20,205,1,51.98659030783291
HCP0018,Oncologist,Northeast,14,239,0,28.7633252893137
HCP0019,Cardiologist,Midwest,2,1030,1,53.078244999507305
HCP0020,Oncologist,Midwest,9,595,1,35.828479895042626
HCP0021,Oncologist,Southwest,20,90,1,44.01438928145396
HCP0022,General Physician,Northwest,26,356,0,46.3280773593294
HCP0023,Pulmonologist,Northeast,29,992,1,51.06587178342521
HCP0024,General Physician,Southwest,1,387,1,32.665418344980175
HCP0025,Neurologist,Midwest,6,1148,0,48.86300472387316
HCP0026,Cardiologist,Midwest,5,1002,1,66.20298084922092
HCP0027,General Physician,Northeast,33,328,1,66.98474306283475
HCP0028,General Physician,West,14,945,1,57.63311401724833
HCP0029,Pulmonologist,Southeast,12,322,1,14.700450108164539
HCP0030,General Physician,Midwest,20,886,0,54.22783807083265
HCP0031,Neurologist,Northwest,24,669,1,70.5587885557162
HCP0032,Neurologist,Northwest,34,911,1,69.44444061420911
HCP0033,Neurologist,Midwest,25,980,1,63.17101199893756
HCP0034,Cardiologist,West,29,338,0,26.31746442575517
HCP0035,Cardiologist,West,31,773,0,58.50539535886456
HCP0036,Cardiologist,Southwest,23,942,1,62.94661865732564
HCP0037,Pulmonologist,Northwest,20,321,0,28.124695735258026
HCP0038,Oncologist,Southwest,23,1139,0,60.998162824901485
HCP0039,Neurologist,Northwest,16,532,0,30.611283240851705
HCP0040,General Physician,Southeast,8,985,0,52.728879825584144
HCP0041,Endocrinologist,Southeast,21,297,1,34.620216038952044
HCP0042,Neurologist,Northeast,1,205,1,19.828637322153817
HCP0043,General Physician,Southwest,8,1120,1,74.33108280242026
HCP0044,Endocrinologist,Midwest,29,503,1,42.71303581428674
HCP0045,Cardiologist,Southwest,32,250,0,19.926285978159353
HCP0046,Endocrinologist,Midwest,5,173,1,12.480399275369411
HCP0047,Endocrinologist,West,22,50,1,38.150092424327774
HCP0048,General Physician,Southwest,34,1017,0,60.85740475527756
HCP0049,General Physician,West,1,904,1,40.19634645065461
HCP0050,Pulmonologist,Southeast,26,689,1,67.17551252367548
HCP0051,General Physician,Southeast,10,240,1,25.183926755172962
HCP0052,General Physician,Northeast,30,565,1,47.02674469199873
HCP0053,Endocrinologist,Southwest,18,491,0,28.838536048657378
HCP0054,General Physician,West,17,192,1,47.521571934277915
HCP0055,Neurologist,Midwest,26,582,1,50.21829783453305
HCP0056,General Physician,Southeast,8,276,1,36.85363926772226
HCP0057,General Physician,Southeast,12,998,1,70.8154952755204
HCP0058,Oncologist,Midwest,27,509,0,41.12279145959622
HCP0059,Cardiologist,West,8,600,1,57.3448017097752
HCP0060,Endocrinologist,West,25,442,1,40.67737796537312
HCP0061,Neurologist,Southwest,4,894,0,29.195724251200897
HCP0062,General Physician,Southwest,33,259,0,19.046189747185306
HCP0063,General Physician,Northwest,1,1188,1,63.75080456880658
HCP0064,Cardiologist,Northwest,19,695,0,30.417586888595547
HCP0065,Neurologist,Northeast,31,268,0,30.384348132855457
HCP0066,Neurologist,Southeast,16,456,0,28.960360387725125
HCP0067,Endocrinologist,Southwest,14,937,1,72.32524848716534
HCP0068,Cardiologist,West,5,607,0,31.123640241925983
HCP0069,Oncologist,Midwest,26,599,1,50.71650984572971
HCP0070,General Physician,West,28,191,1,43.08677107523744
HCP0071,Oncologist,Southeast,2,661,1,33.45161034404482
HCP0072,Neurologist,Northwest,6,550,1,41.021266469798604
HCP0073,General Physician,West,9,889,0,45.471372402789555
HCP0074,Oncologist,Northeast,33,751,1,66.52041073505181
HCP0075,General Physician,Southeast,25,645,1,60.37872112479844
HCP0076,General Physician,Northwest,13,330,0,14.77257242432572
HCP0077,Endocrinologist,Midwest,9,473,1,51.42089882341679
HCP0078,Neurologist,Northwest,13,905,1,78.45310135694788
HCP0079,Oncologist,Northeast,31,319,1,30.012503380152566
HCP0080,Endocrinologist,Southeast,11,203,1,17.609266489914493
HCP0081,Cardiologist,Midwest,4,663,1,45.410779954930575
HCP0082,Pulmonologist,Northeast,34,711,0,46.56230974334344
HCP0083,Neurologist,Northwest,4,132,1,41.76362280459499
HCP0084,Cardiologist,Northeast,19,996,1,69.65899611645013
HCP0085,Endocrinologist,Southeast,6,948,0,56.953021459565335
HCP0086,General Physician,Southwest,34,333,0,12.847107000125646
HCP0087,Endocrinologist,Northeast,18,1029,1,76.40986525938868
HCP0088,Cardiologist,Northeast,13,222,1,24.5465861933817
HCP0089,Neurologist,Northwest,23,1136,1,68.2793946880975
HCP0090,General Physician,Northwest,19,1146,1,71.24323677848527
HCP0091,Endocrinologist,Midwest,11,812,1,40.958006543374125
HCP0092,Pulmonologist,Northwest,1,682,1,48.48717020727032
HCP0093,General Physician,West,24,836,0,50.54207030208858
HCP0094,Endocrinologist,Southeast,7,992,1,63.098848129324665
HCP0095,General Physician,Southeast,25,1061,0,67.47515566827977
HCP0096,Oncologist,Southwest,21,447,1,60.819499659936525
HCP0097,Pulmonologist,Southwest,15,1193,0,54.767233702942406
HCP0098,Pulmonologist,Southeast,1,983,0,46.40592076662121
HCP0099,Neurologist,Southwest,12,725,0,40.07106838243084
HCP0100,Cardiologist,Midwest,7,985,1,63.92067304992265
HCP0101,General Physician,Northwest,15,514,0,33.9677477390625
HCP0102,Oncologist,Southeast,21,335,1,56.898350070543955
HCP0103,Endocrinologist,Southwest,19,314,0,19.37649781468935
HCP0104,Cardiologist,Southeast,29,369,1,31.727603373978223
HCP0105,Pulmonologist,West,25,722,1,52.46570675828557
HCP0106,Pulmonologist,Northeast,33,869,1,77.72889322842005
HCP0107,Cardiologist,Northwest,32,138,1,39.283420399754974
HCP0108,Neurologist,Southeast,26,870,1,61.52200158251871
HCP0109,Endocrinologist,Northeast,11,1050,1,54.380390724424885
HCP0110,Pulmonologist,Southwest,8,383,0,22.78261894495779
HCP0111,Endocrinologist,Northeast,14,271,0,25.765029335862565
HCP0112,Pulmonologist,Northwest,10,90,0,12.532404761486596
HCP0113,Oncologist,Southeast,2,117,1,18.49677187642046
HCP0114,General Physician,West,9,1037,0,49.92589488140403
HCP0115,Cardiologist,Southwest,3,563,0,26.639841528564965
HCP0116,Oncologist,Southeast,21,744,0,44.974663547765594
HCP0117,Cardiologist,Northwest,26,1089,0,48.50281515146293
HCP0118,General Physician,Southwest,8,526,1,43.51628773338353
HCP0119,General Physician,Midwest,2,1135,0,44.14708460522945
HCP0120,Endocrinologist,Northeast,6,930,1,67.68187528315524
HCP0121,Pulmonologist,Northwest,28,481,1,52.42108282518862
HCP0122,General Physician,Midwest,29,317,1,53.16765771530494
HCP0123,Pulmonologist,Southeast,26,1108,0,58.12170158480741
HCP0124,Neurologist,West,25,828,0,46.21504207501323
HCP0125,Endocrinologist,Southwest,12,543,0,44.481359580357804
HCP0126,Cardiologist,Northeast,5,710,0,36.877971767196016
HCP0127,General Physician,Southwest,34,1062,1,71.64432836015314
HCP0128,General Physician,Southeast,15,1108,1,78.82354555579539
HCP0129,Pulmonologist,Southwest,15,1026,1,61.09552409429272
HCP0130,Oncologist,Northeast,23,531,1,52.58028964879192
HCP0131,Oncologist,Southeast,6,777,1,69.25145808804267
HCP0132,General Physician,Southwest,21,529,1,34.78408506263366
HCP0133,General Physician,West,23,1138,1,73.92054335543405
HCP0134,General Physician,Northwest,16,1081,0,58.38012660116735
HCP0135,General Physician,Southeast,15,392,1,47.59268092392327
HCP0136,Pulmonologist,Northwest,25,381,0,17.788162179524104
HCP0137,Cardiologist,Southeast,11,487,0,11.270334574066027
HCP0138,Endocrinologist,West,15,223,1,43.79387614312898
HCP0139,General Physician,Northwest,4,608,1,35.4783911145013
HCP0140,Pulmonologist,Midwest,21,576,1,43.437325295966694
HCP0141,Cardiologist,Northeast,13,708,1,67.50500299338583
HCP0142,Cardiologist,Midwest,22,75,0,16.401283798947297
HCP0143,Pulmonologist,Southwest,19,869,1,62.91860616988174
HCP0144,Cardiologist,West,34,654,1,59.94887271640448
HCP0145,Endocrinologist,Midwest,14,455,1,29.766027285784673
HCP0146,Neurologist,Southeast,4,281,0,20.780361306809375
HCP0147,Pulmonologist,Southwest,27,582,0,43.83385359018355
HCP0148,Pulmonologist,Southwest,29,554,0,41.399528123903934
HCP0149,Endocrinologist,Midwest,28,228,1,39.36057913104695
HCP0150,General Physician,Midwest,8,181,0,9.208800164929578
HCP0151,Endocrinologist,West,16,397,0,34.85081551619261
HCP0152,Oncologist,Northeast,30,589,0,40.3331011139708
HCP0153,General Physician,Midwest,18,821,0,43.939172404970215
HCP0154,Pulmonologist,Midwest,2,125,1,26.663175492029048
HCP0155,General Physician,Northwest,13,628,0,35.74042802025415
HCP0156,Pulmonologist,Southeast,4,903,0,56.4277731067327
HCP0157,Pulmonologist,Northwest,26,243,1,22.39385102225944
HCP0158,Cardiologist,Northwest,25,396,1,48.82614205284556
HCP0159,Oncologist,Southwest,30,1000,0,51.857893740808805
HCP0160,Endocrinologist,Northeast,11,1160,1,60.31931844526608
HCP0161,Endocrinologist,Southeast,7,263,1,25.415155767459616
HCP0162,General Physician,West,31,622,0,44.24270051756615
HCP0163,Oncologist,West,10,829,0,41.333213733336024
HCP0164,General Physician,Midwest,13,311,1,20.24631963101791
HCP0165,Pulmonologist,Midwest,31,779,0,44.84312995719006
HCP0166,General Physician,West,7,332,1,35.68021885645214
HCP0167,Neurologist,Midwest,20,411,1,34.827186720233634
HCP0168,Pulmonologist,Northeast,4,490,1,26.605711495859072
HCP0169,Neurologist,Northwest,7,142,0,0.0
HCP0170,Endocrinologist,Midwest,1,802,1,42.43991179861901
HCP0171,General Physician,Southwest,13,916,0,34.19460191191208
HCP0172,Endocrinologist,Midwest,22,191,0,10.710378771238604
HCP0173,Cardiologist,Southeast,21,798,1,57.6151303005368
HCP0174,Pulmonologist,Northeast,22,702,0,35.89644807667628
HCP0175,Endocrinologist,Southeast,28,750,1,50.665941863411945
HCP0176,General Physician,Southeast,9,1047,0,27.718777330123867
HCP0177,General Physician,Southwest,26,98,1,36.973823160081274
HCP0178,General Physician,Northeast,9,930,0,51.51824707542809
HCP0179,Oncologist,Northeast,15,604,1,44.833719800699534
HCP0180,Cardiologist,Northeast,10,453,1,36.97883451415397
HCP0181,General Physician,Northeast,24,941,0,53.04899070406257
HCP0182,Neurologist,Northeast,8,914,1,73.53804462159452
HCP0183,General Physician,Southwest,24,651,1,40.23019023216836
HCP0184,General Physician,Midwest,16,390,0,21.288686701174054
HCP0185,General Physician,Southeast,26,753,0,29.09104730102869
HCP0186,Endocrinologist,Northeast,27,367,0,34.38174766170814
HCP0187,Oncologist,Midwest,4,667,1,43.707450314417294
HCP0188,General Physician,Midwest,24,431,0,33.7475485311987
HCP0189,Oncologist,Southeast,19,282,1,39.1678171046075
HCP0190,Endocrinologist,Southwest,10,866,0,51.795136004035996
HCP0191,Pulmonologist,West,25,602,0,44.8132427618083
HCP0192,General Physician,West,18,905,1,71.39363429673455
HCP0193,Pulmonologist,Midwest,19,868,1,51.45910589969388
HCP0194,Pulmonologist,Northwest,10,232,1,42.336888265457375
HCP0195,Cardiologist,Northwest,33,1114,1,73.16651462683097
HCP0196,Pulmonologist,Southeast,5,446,1,29.83835553449536
HCP0197,General Physician,West,34,828,1,71.72346336751491
HCP0198,Cardiologist,Midwest,33,956,0,61.80949173659134
HCP0199,Neurologist,Southwest,21,176,1,23.633144592545722
HCP0200,General Physician,West,17,50,0,10.070047516680411
HCP0201,General Physician,Midwest,22,68,1,45.29421615950511
HCP0202,Pulmonologist,Midwest,15,633,0,20.329165712979854
HCP0203,General Physician,Northeast,28,505,0,51.946595083477305
HCP0204,Oncologist,Southwest,7,1006,1,58.60473645492449
HCP0205,Endocrinologist,Northeast,32,1182,1,59.28159953532264
HCP0206,General Physician,Southeast,11,494,0,13.253317585805855
HCP0207,General Physician,Northeast,10,651,1,38.272492793074136
HCP0208,General Physician,Northeast,9,152,0,5.252770484236068
HCP0209,General Physician,West,14,1037,1,65.26949230931888
HCP0210,Neurologist,Northwest,13,569,0,4.161522846076842
HCP0211,Neurologist,Midwest,25,908,1,69.08191192811822
HCP0212,General Physician,Southwest,2,223,0,0.0
HCP0213,Pulmonologist,Northeast,7,1054,0,61.93195921642829
HCP0214,General Physician,Southwest,21,480,0,29.34835810584346
HCP0215,General Physician,Northwest,18,776,1,67.1285452595161
HCP0216,General Physician,Northwest,3,899,0,50.36998938143199
HCP0217,Oncologist,Northeast,11,1039,1,75.51861380475407
HCP0218,Oncologist,Southeast,24,688,0,36.78873123370012
HCP0219,Cardiologist,Northeast,19,469,1,39.65578455478342
HCP0220,Pulmonologist,West,4,643,0,26.8947949937501
HCP0221,Cardiologist,Midwest,26,534,1,58.525281021959685
HCP0222,Neurologist,Southeast,32,461,0,32.43523610780507
HCP0223,Neurologist,Northeast,33,985,0,58.809046107873634
HCP0224,Endocrinologist,Southwest,3,1157,0,52.77938010157328
HCP0225,Pulmonologist,Southeast,9,1186,1,60.63445584394907
HCP0226,Cardiologist,Southeast,8,381,1,25.805132655555937
HCP0227,Cardiologist,Northeast,33,704,0,46.68135450258499
HCP0228,General Physician,Southeast,6,90,1,21.929758074328447
HCP0229,Oncologist,Southwest,4,1008,1,63.729832243625445
HCP0230,Cardiologist,Northwest,13,154,0,20.580185716098683
HCP0231,Neurologist,Southeast,2,251,0,0.6367736322116659
HCP0232,General Physician,Northwest,5,499,1,30.580069644641206
HCP0233,Endocrinologist,Southwest,27,959,0,45.779528085104154
HCP0234,Pulmonologist,Northeast,32,259,0,43.2289017519209
HCP0235,Cardiologist,Midwest,21,612,1,51.36120387241073
HCP0236,Cardiologist,Southeast,8,1191,0,54.48209495746274
HCP0237,Neurologist,Midwest,8,762,1,51.97874614640078
HCP0238,Neurologist,Southwest,3,820,1,43.809882987301464
HCP0239,Pulmonologist,Southeast,3,1157,1,80.68613712763909
HCP0240,General Physician,Northwest,22,503,1,52.692555604160546
HCP0241,General Physician,West,6,716,0,33.732580318665036
HCP0242,Neurologist,Midwest,2,678,1,33.411094936364016
HCP0243,Oncologist,Southeast,23,436,1,34.73572938586027
HCP0244,General Physician,Midwest,2,345,1,27.464809395721765
HCP0245,Endocrinologist,Southeast,17,307,0,15.538093760188135
HCP0246,Neurologist,Northeast,34,1154,0,56.957970913790945
HCP0247,Cardiologist,Northwest,23,317,1,37.674713872789034
HCP0248,Cardiologist,Midwest,30,468,1,49.52744904054937
HCP0249,General Physician,West,8,284,0,17.8522735863905
HCP0250,General Physician,West,22,1035,1,65.76531656445286
HCP0251,Pulmonologist,Southwest,5,623,1,33.80452772340804
HCP0252,Neurologist,Southeast,13,98,1,16.792929820120946
HCP0253,Endocrinologist,Midwest,29,272,0,40.0628935412176
HCP0254,Endocrinologist,Southwest,31,970,1,60.714670421261445
HCP0255,Endocrinologist,Midwest,16,326,1,41.39205690104135
HCP0256,Neurologist,Southeast,30,1180,1,86.62821183575564
HCP0257,General Physician,West,16,469,0,27.520745659354255
HCP0258,Pulmonologist,Northeast,12,660,1,67.10435574695904
HCP0259,Endocrinologist,West,17,424,0,32.44241967129621
HCP0260,General Physician,Southwest,16,122,1,47.6679611430298
HCP0261,General Physician,Northwest,12,1103,1,61.42001996414284
HCP0262,Pulmonologist,Northeast,8,244,0,8.424121506746683
HCP0263,Pulmonologist,Southwest,20,896,1,69.1308436001669
HCP0264,Neurologist,Southeast,3,1114,0,45.632628505671796
HCP0265,Endocrinologist,Northeast,16,1136,0,73.45147463321425
HCP0266,Oncologist,Southwest,30,72,0,23.567379776158997
HCP0267,General Physician,Southeast,23,409,1,34.78149255498337
HCP0268,Cardiologist,West,28,1148,0,46.58505228882875
HCP0269,Cardiologist,Northwest,5,609,1,42.51335342493827
HCP0270,Cardiologist,Southeast,20,721,0,40.65429919756658
HCP0271,Cardiologist,Midwest,1,1191,0,53.458461238096405
HCP0272,General Physician,Southeast,30,728,0,59.65911960556237
HCP0273,General Physician,Southeast,21,489,1,58.21719820284654
HCP0274,Neurologist,Northwest,20,982,1,61.65877580863232
HCP0275,Cardiologist,Midwest,6,56,1,7.829558697076919
HCP0276,Neurologist,Southwest,22,470,0,19.86263159059434
HCP0277,Neurologist,Southwest,18,882,1,54.75980249565839
HCP0278,Endocrinologist,Southeast,8,608,1,41.30093848786377
HCP0279,Neurologist,Midwest,32,963,0,61.56189958514039
HCP0280,Oncologist,Midwest,33,1056,0,54.95774257740612
HCP0281,Pulmonologist,Northwest,16,175,1,34.256718374458124
HCP0282,Pulmonologist,West,12,444,0,29.023910230520343
HCP0283,Cardiologist,Southwest,34,866,1,72.03577800724544
HCP0284,Oncologist,Northwest,14,930,1,50.56088782435927
HCP0285,Pulmonologist,Northeast,33,625,1,64.64234411117327
HCP0286,Neurologist,Southwest,23,374,1,64.5779427371242
HCP0287,General Physician,Northwest,2,979,1,59.4957268322034
HCP0288,Pulmonologist,Southwest,21,882,0,19.311354256645195
HCP0289,Endocrinologist,West,2,1104,1,74.66694108387755
HCP0290,Cardiologist,Northeast,27,886,1,60.410283302346144
HCP0291,Pulmonologist,West,9,975,0,68.52680109042059
HCP0292,Cardiologist,Northeast,1,492,1,37.28644153120346
HCP0293,Pulmonologist,Southeast,11,124,1,9.618323051787527
HCP0294,General Physician,Northwest,3,606,0,6.380594022718238
HCP0295,Pulmonologist,Northeast,23,412,0,45.74995566351735
HCP0296,Oncologist,West,26,497,0,46.67642663444423
HCP0297,Pulmonologist,Southwest,4,311,0,37.5367135026126
HCP0298,Neurologist,Northeast,18,174,0,17.663129567515
HCP0299,Neurologist,Northwest,6,960,1,57.96352322134104
HCP0300,General Physician,Northeast,22,294,0,21.02494240422896
HCP0301,Oncologist,Midwest,15,591,1,41.67524295081631
HCP0302,General Physician,Southwest,22,534,0,30.95289743787798
HCP0303,General Physician,Northwest,12,171,1,31.174633323240293
HCP0304,Endocrinologist,Northwest,18,174,0,9.114876842658429
HCP0305,Cardiologist,Southeast,30,219,1,24.597833348302775
HCP0306,Cardiologist,West,24,173,0,22.53945138608998
HCP0307,Cardiologist,Southeast,30,1108,1,69.76327375408489
HCP0308,Cardiologist,Northwest,14,1160,0,24.06009225770039
HCP0309,Pulmonologist,Southwest,6,695,0,37.98515594499952
HCP0310,Cardiologist,Northeast,3,835,1,40.51255915934768
HCP0311,Oncologist,Northeast,16,250,0,26.203525290432825
HCP0312,General Physician,Southwest,7,418,0,27.838798525477273
HCP0313,Cardiologist,Northwest,14,846,0,46.17424597988998
HCP0314,General Physician,Northeast,9,126,1,50.374193441158944
HCP0315,Endocrinologist,Northeast,15,108,1,26.702188267193517
HCP0316,Cardiologist,Northeast,21,480,1,44.19372963829732
HCP0317,Pulmonologist,West,2,687,1,51.67632321166291
HCP0318,Pulmonologist,West,27,158,0,21.47393072305589
HCP0319,General Physician,Midwest,2,1057,1,71.89983930042297
HCP0320,General Physician,Southeast,18,117,0,2.484873255071843
HCP0321,General Physician,Southwest,14,1142,1,58.180845333209575
HCP0322,Endocrinologist,Southwest,20,354,1,48.87363376037997
HCP0323,Endocrinologist,Southwest,18,723,0,28.838106145461083
HCP0324,General Physician,Midwest,10,414,0,29.09850486141962
HCP0325,General Physician,West,25,870,1,69.32659487814377
HCP0326,General Physician,Northwest,2,392,1,25.572243288428464
HCP0327,Neurologist,Northwest,25,996,1,74.56142591311128
HCP0328,Oncologist,Midwest,33,948,1,61.1102158930348
HCP0329,General Physician,Northwest,31,1182,1,72.08872003560862
HCP0330,Oncologist,Southwest,14,811,1,54.50448017644743
HCP0331,General Physician,Southeast,1,390,1,32.65143357919339
HCP0332,General Physician,Northeast,16,991,0,47.50162632602785
HCP0333,Neurologist,West,3,432,1,39.09055813497171
HCP0334,General Physician,West,6,1053,1,66.29819798506938
HCP0335,General Physician,Midwest,25,349,1,59.15749431572873
HCP0336,Cardiologist,West,13,188,0,14.328683704823973
HCP0337,General Physician,Southwest,34,408,0,48.41681225670344
HCP0338,Neurologist,Northwest,8,885,1,65.74610224673341
HCP0339,General Physician,Southwest,21,532,0,57.1619950551537
HCP0340,Oncologist,Midwest,34,958,1,73.17269966730976
HCP0341,General Physician,Southwest,4,1184,1,62.53910284394966
HCP0342,Oncologist,Northwest,25,915,1,80.08320788659773
HCP0343,Cardiologist,Southeast,15,188,1,35.27872003654378
HCP0344,General Physician,Midwest,4,1045,0,58.75310010434693
HCP0345,Cardiologist,Southeast,12,484,0,34.24234052793176
HCP0346,Oncologist,Northeast,32,558,1,35.526364048411054
HCP0347,General Physician,Southeast,32,322,0,35.49922445368693
HCP0348,General Physician,Northeast,28,1172,0,68.06788161944804
HCP0349,Pulmonologist,Northeast,13,153,1,30.150617896820076
HCP0350,Pulmonologist,Southeast,31,811,1,65.26821273361998
HCP0351,Neurologist,Midwest,14,836,1,41.999199642691636
HCP0352,Endocrinologist,Northwest,20,214,1,44.10935480312675
HCP0353,Oncologist,Southwest,18,1048,1,72.7995055006509
HCP0354,Pulmonologist,Southwest,29,569,1,66.35874826052395
HCP0355,General Physician,Northwest,6,566,1,26.68345561773202
HCP0356,General Physician,Northeast,32,706,0,52.84745182945435
HCP0357,General Physician,Northeast,29,662,0,41.877299690532695
HCP0358,Cardiologist,Midwest,2,213,0,11.47798034988186
HCP0359,Neurologist,West,23,113,1,30.631394468550326
HCP0360,Cardiologist,Southeast,19,1164,0,64.91477601665594
HCP0361,Neurologist,Northeast,31,1190,0,65.7931568435512
HCP0362,Neurologist,Southwest,5,316,0,5.537659437830742
HCP0363,General Physician,Midwest,19,295,1,39.0438698937934
HCP0364,Oncologist,Southeast,34,444,0,35.833191972003384
HCP0365,Cardiologist,Midwest,10,525,1,41.810174064400385
HCP0366,Cardiologist,Southeast,25,1026,1,40.26474238245571
HCP0367,General Physician,Southeast,2,1093,1,68.62502416066617
HCP0368,Pulmonologist,Northwest,11,607,0,28.494132414669203
HCP0369,Cardiologist,Northeast,31,1067,1,63.80250770175552
HCP0370,Cardiologist,Midwest,15,932,0,56.72772372320155
HCP0371,General Physician,Midwest,9,196,0,19.693648923310423
HCP0372,Cardiologist,Northwest,23,715,1,54.73598767802002
HCP0373,General Physician,Southwest,19,669,0,27.28031121733114
HCP0374,General Physician,Southwest,9,869,1,58.22224552557402
HCP0375,Cardiologist,Northeast,21,913,0,51.368070035516865
HCP0376,Cardiologist,Northeast,9,631,1,55.74376054086184
HCP0377,General Physician,West,28,1072,1,71.34125805106092
HCP0378,Oncologist,Northwest,7,744,0,47.026915584238935
HCP0379,Oncologist,Southwest,16,1175,0,52.821363032640654
HCP0380,General Physician,Southeast,16,456,0,14.732158345051971
HCP0381,General Physician,Midwest,33,448,0,26.247765594767703
HCP0382,General Physician,Northeast,4,764,0,33.57471501800057
HCP0383,General Physician,Midwest,4,753,0,33.08420328033999
HCP0384,Oncologist,Midwest,17,810,0,46.82748358795889
HCP0385,Cardiologist,West,29,548,0,38.55824799290915
HCP0386,General Physician,Southwest,7,1023,1,71.50501473457814
HCP0387,Pulmonologist,Northeast,27,131,0,18.289643810695875
HCP0388,Neurologist,Midwest,28,653,1,38.313761996231534
HCP0389,General Physician,Northeast,22,821,0,45.65453019136545
HCP0390,Cardiologist,Southeast,14,952,0,27.698294993680218
HCP0391,Neurologist,West,7,414,0,24.007142892683746
HCP0392,Cardiologist,Southeast,22,212,0,31.99883057464448
HCP0393,Neurologist,Northeast,5,1121,0,39.82029481971448
HCP0394,Cardiologist,Northeast,2,560,1,53.72023687227272
HCP0395,Cardiologist,Southwest,27,165,0,30.749114452296844
HCP0396,Cardiologist,Midwest,21,990,1,80.41818501279717
HCP0397,Pulmonologist,Midwest,15,386,1,41.590709575206795
HCP0398,General Physician,Southeast,21,930,1,55.91946603696802
HCP0399,Pulmonologist,West,10,786,1,61.35452019292835
HCP0400,General Physician,Northwest,23,889,1,59.03135099915035
HCP0401,Oncologist,Midwest,5,196,0,12.223122421100385
HCP0402,Endocrinologist,Southwest,1,492,1,34.40929708950767
HCP0403,General Physician,Southeast,13,886,1,70.68471963730897
HCP0404,Endocrinologist,Southeast,21,1086,1,79.66667858053654
HCP0405,General Physician,Northwest,26,992,1,70.48841052147111
HCP0406,Cardiologist,Southwest,21,336,0,6.5190157838967195
HCP0407,General Physician,West,18,769,1,51.055411216078085
HCP0408,Cardiologist,Southwest,32,1187,1,89.91022623653171
HCP0409,General Physician,West,17,529,1,49.61229726376576
HCP0410,Neurologist,Southwest,11,71,1,9.219242644175479
HCP0411,General Physician,Southwest,21,732,1,39.510561378068
HCP0412,Cardiologist,Northeast,26,955,1,71.70362951327049
HCP0413,Pulmonologist,Southeast,4,369,0,7.128676443142991
HCP0414,General Physician,Southwest,34,175,0,17.13054834066349
HCP0415,Neurologist,Northwest,18,326,1,45.629168348812335
HCP0416,Pulmonologist,Southwest,29,243,0,38.74419231543494
HCP0417,Pulmonologist,Midwest,29,745,1,55.18387363105724
HCP0418,Neurologist,Southeast,21,106,1,30.98013293056164
HCP0419,Pulmonologist,Midwest,13,68,0,9.526539188109611
HCP0420,Pulmonologist,Southeast,17,313,1,36.1465972153573
HCP0421,General Physician,Midwest,9,843,0,40.761874485873754
HCP0422,Cardiologist,Southwest,1,162,1,29.903335143063217
HCP0423,Endocrinologist,Southwest,2,591,1,34.090330467541136
HCP0424,General Physician,Northeast,29,696,1,45.39133493052855
HCP0425,General Physician,Northwest,33,628,0,61.989489478059326
HCP0426,Neurologist,Midwest,10,1138,0,64.14401038942849
HCP0427,Pulmonologist,West,21,74,0,4.054682273303849
HCP0428,Endocrinologist,Northeast,28,50,1,34.44487480789321
HCP0429,Endocrinologist,Midwest,11,960,1,71.49298655814181
HCP0430,Neurologist,Midwest,34,190,1,49.85551881033976
HCP0431,Oncologist,Northeast,8,697,1,53.30601446938474
HCP0432,Pulmonologist,Southwest,22,237,0,20.76890902894472
HCP0433,Cardiologist,Midwest,8,250,1,47.287241422716484
HCP0434,General Physician,Southwest,15,306,0,23.561972183241213
HCP0435,General Physician,Northeast,17,596,0,29.460265385072127
HCP0436,Pulmonologist,Southwest,23,243,1,47.003990371162715
HCP0437,Neurologist,Southeast,24,752,0,46.08673512461028
HCP0438,Oncologist,West,19,1177,1,78.5196982416256
HCP0439,General Physician,Midwest,5,851,1,55.43583620972995
HCP0440,Pulmonologist,Northwest,32,991,1,79.64862457643267
HCP0441,Endocrinologist,West,1,463,0,10.126882745874262
HCP0442,General Physician,Southwest,23,1148,1,61.58500964542606
HCP0443,General Physician,Midwest,8,959,1,73.97123533592816
HCP0444,General Physician,Southwest,13,237,1,34.8241664198967
HCP0445,General Physician,Southeast,8,94,1,31.206384219365656
HCP0446,Pulmonologist,Northeast,23,132,0,1.0590494022337644
HCP0447,Neurologist,Midwest,1,1196,0,61.19648856417092
HCP0448,General Physician,Southeast,24,407,1,40.50026468261609
HCP0449,General Physician,Southeast,24,1139,1,68.2293805708402
HCP0450,Cardiologist,Midwest,17,985,0,50.225082024599104
HCP0451,Cardiologist,Southwest,5,424,1,25.788284778451107
HCP0452,Oncologist,Northwest,20,211,0,20.224955365279435
HCP0453,General Physician,Southeast,21,371,1,41.133692553246945
HCP0454,General Physician,West,31,499,1,64.16202087355855
HCP0455,Endocrinologist,Southeast,11,1086,1,81.78256782841224
HCP0456,Pulmonologist,Northwest,15,233,1,48.1192514956673
HCP0457,Oncologist,Southwest,19,160,0,0.0
HCP0458,General Physician,Southwest,7,557,1,32.9148312838562
HCP0459,General Physician,West,28,344,0,7.620388836296009
HCP0460,General Physician,Southeast,5,953,0,30.729573078540252
HCP0461,Neurologist,Southwest,5,1023,1,54.09379032203938
HCP0462,Neurologist,Northwest,30,681,0,49.69458858334713
HCP0463,Endocrinologist,Midwest,32,1100,1,74.03458578372957
HCP0464,Cardiologist,Northeast,8,782,1,47.31572368483267
HCP0465,General Physician,Northeast,10,370,0,22.987237475272483
HCP0466,General Physician,Northeast,32,962,1,56.37641064900793
HCP0467,General Physician,Southeast,28,486,0,27.914820350060612
HCP0468,General Physician,West,17,830,1,54.34872781033087
HCP0469,Pulmonologist,Southwest,31,1126,0,62.72451812538246
HCP0470,General Physician,Midwest,8,775,0,37.71356663575587
HCP0471,General Physician,Northwest,25,80,0,32.633899735258574
HCP0472,General Physician,Midwest,9,386,0,30.3498611931
HCP0473,Endocrinologist,Northwest,2,232,0,3.1406507993580126
HCP0474,Neurologist,Southeast,15,1096,0,51.739257442243876
HCP0475,Cardiologist,Northeast,3,593,0,23.190153324149776
HCP0476,General Physician,Southeast,4,1147,1,60.05563440037318
HCP0477,Pulmonologist,West,14,1083,1,70.96325349630433
HCP0478,Endocrinologist,West,25,709,1,40.30362468750061
HCP0479,Pulmonologist,Northwest,10,209,0,23.25158832450928
HCP0480,Pulmonologist,Southwest,21,1087,1,89.34068752285948
HCP0481,Oncologist,Southwest,12,461,1,38.4152119700571
HCP0482,Cardiologist,Northwest,27,1061,1,71.85405833862957
HCP0483,Pulmonologist,West,2,102,0,6.973951244016538
HCP0484,Neurologist,West,13,457,0,36.71182134019526
HCP0485,General Physician,West,32,896,1,67.4696777023372
HCP0486,Neurologist,Southeast,31,1095,1,87.79308574623039
HCP0487,General Physician,West,16,1103,0,60.10132099353828
HCP0488,Pulmonologist,Midwest,32,752,1,88.31369171657154
HCP0489,Pulmonologist,Northeast,32,309,1,42.90636230451739
HCP0490,General Physician,West,34,1132,0,46.95344581518931
HCP0491,Neurologist,Northwest,11,825,0,26.41747596106466
HCP0492,Cardiologist,Northeast,10,1085,1,66.15520551518787
HCP0493,Cardiologist,Southeast,15,899,0,56.40246337963943
HCP0494,General Physician,Northwest,17,403,0,20.022945354355834
HCP0495,Pulmonologist,Northeast,18,1148,1,70.92960616122998
HCP0496,General Physician,Northwest,9,922,0,50.50423355543772
HCP0497,Endocrinologist,Southeast,25,1040,0,48.07532645570999
HCP0498,Cardiologist,Midwest,14,1067,0,46.45706373570429
HCP0499,Cardiologist,Southeast,25,1169,0,51.438856766336826
HCP0500,Oncologist,Southeast,22,343,1,53.68119488037115
HCP0501,Pulmonologist,Northwest,30,258,1,58.33652761671054
HCP0502,Oncologist,Southwest,20,1161,1,59.13066213514459
HCP0503,Neurologist,West,21,867,1,61.793683857235564
HCP0504,General Physician,West,32,439,1,65.69581447913734
HCP0505,Oncologist,Midwest,21,374,0,31.60934114282221
HCP0506,Neurologist,Midwest,32,989,0,54.70493431996728
HCP0507,General Physician,West,30,938,0,40.86252249645576
HCP0508,Oncologist,Southwest,12,717,0,48.33646306208829
HCP0509,Pulmonologist,West,18,682,0,42.378752817782484
HCP0510,General Physician,Southwest,21,626,1,38.418841218655956
HCP0511,General Physician,Midwest,13,186,1,42.096905526218585
HCP0512,Cardiologist,Northeast,21,477,1,30.92077641249649
HCP0513,General Physician,Northwest,8,661,0,29.97726042992154
HCP0514,Neurologist,Midwest,7,960,1,56.45410359284512
HCP0515,Endocrinologist,Midwest,23,868,0,65.58398037285596
HCP0516,Neurologist,Southeast,32,190,1,38.611760303420695
HCP0517,General Physician,Southeast,11,1156,0,51.926672552197424
HCP0518,Neurologist,Southeast,22,226,0,8.38091245745581
HCP0519,Oncologist,Northwest,22,247,0,16.48491209830283
HCP0520,Pulmonologist,Southeast,25,673,0,34.224706209907026
HCP0521,Endocrinologist,Southwest,22,740,0,35.82981476935992
HCP0522,Cardiologist,West,28,450,0,34.85983773012174
HCP0523,Cardiologist,Northeast,29,520,0,13.95063380239279
HCP0524,Cardiologist,Midwest,13,267,0,3.4791511799162382
HCP0525,Endocrinologist,Southwest,18,978,0,50.02765587545727
HCP0526,Cardiologist,Northeast,2,681,1,45.80151926211702
HCP0527,Pulmonologist,Southwest,29,1000,1,71.00819498766297
HCP0528,Endocrinologist,Southwest,21,955,0,51.48345025670344
HCP0529,Oncologist,Midwest,15,224,1,28.83698758107489
HCP0530,General Physician,West,27,72,1,33.25104419326728
HCP0531,Neurologist,Southeast,31,284,0,33.918698727267106
HCP0532,Pulmonologist,Northwest,15,1086,0,58.206174379608434
HCP0533,Endocrinologist,West,23,1174,0,55.29253785701069
HCP0534,Endocrinologist,Northwest,24,978,1,78.71736343592976
HCP0535,Cardiologist,Midwest,13,572,1,47.89272437193378
HCP0536,Endocrinologist,Midwest,22,480,1,59.943693448109464
HCP0537,Endocrinologist,Midwest,33,842,1,83.35712865686463
HCP0538,Endocrinologist,Northeast,3,582,1,26.597795442909142
HCP0539,Cardiologist,Northwest,19,1028,1,60.20755251440397
HCP0540,Cardiologist,West,23,859,0,57.15970763445905
HCP0541,Neurologist,West,29,962,0,40.106297185510854
HCP0542,Endocrinologist,Southwest,30,1174,1,95.38389159852939
HCP0543,Oncologist,Southwest,25,920,1,64.27629918804713
HCP0544,Neurologist,Southwest,8,589,1,49.924933525693355
HCP0545,Pulmonologist,Midwest,16,1073,1,67.79933480831788
HCP0546,Cardiologist,West,8,276,0,2.176355348729544
HCP0547,General Physician,Northwest,1,922,1,64.63982363201315
HCP0548,Pulmonologist,Midwest,5,941,1,84.67097299543178
HCP0549,Cardiologist,Northeast,3,1086,1,56.927611472032055
HCP0550,General Physician,Southwest,1,259,1,23.166556513268546
HCP0551,General Physician,Midwest,4,790,0,8.793883431155635
HCP0552,Cardiologist,Midwest,32,446,0,50.43065142386781
HCP0553,Endocrinologist,Northeast,34,1173,0,77.54371839132729
HCP0554,General Physician,Southeast,25,80,1,15.293563217379013
HCP0555,General Physician,West,10,947,0,24.622657493148512
HCP0556,Endocrinologist,Northwest,21,698,0,21.663911061413348
HCP0557,Endocrinologist,Southeast,27,378,0,37.669736366510136
HCP0558,Oncologist,Southwest,27,1001,1,79.69135112178827
HCP0559,Neurologist,Midwest,2,1173,1,55.907011433505104
HCP0560,Pulmonologist,Northeast,13,670,0,40.407804992190556
HCP0561,Oncologist,Northeast,9,211,0,15.545329271732744
HCP0562,Neurologist,West,22,825,1,58.3598843850919
HCP0563,General Physician,Southeast,26,323,1,53.051174616059356
HCP0564,Cardiologist,West,12,1076,1,54.753484422138996
HCP0565,Endocrinologist,Midwest,17,1101,0,67.17965278756803
HCP0566,General Physician,West,14,375,1,31.37894486085898
HCP0567,General Physician,Northwest,14,989,0,67.12697918391439
HCP0568,Neurologist,Northeast,34,589,1,48.97868579693136
HCP0569,Neurologist,Northeast,20,537,0,30.343928336805742
HCP0570,Cardiologist,Southwest,11,871,0,43.254208885866305
HCP0571,Neurologist,Southwest,16,1138,1,72.20154805132424
HCP0572,Neurologist,Midwest,31,405,0,39.53986395354938
HCP0573,Endocrinologist,Northwest,6,284,1,17.434738056463885
HCP0574,Endocrinologist,Southeast,19,276,0,22.012840829814348
HCP0575,Oncologist,West,4,98,0,7.760598601203483
HCP0576,Cardiologist,Midwest,4,167,1,18.98410481067947
HCP0577,Oncologist,Southwest,20,103,0,19.771580326640958
HCP0578,Endocrinologist,West,10,614,0,17.898038542649346
HCP0579,Oncologist,Southwest,24,1117,1,72.10805927156501
HCP0580,Cardiologist,West,26,102,0,11.585953242178878
HCP0581,General Physician,Southeast,21,607,0,34.12074500693254
HCP0582,Pulmonologist,Midwest,21,1175,0,75.55139052235322
HCP0583,Pulmonologist,West,10,917,1,73.68293654311118
HCP0584,General Physician,Northwest,4,447,1,48.66155808952148
HCP0585,Neurologist,Northeast,20,724,1,52.04827097529842
HCP0586,Cardiologist,Northwest,17,436,0,37.00266564185336
HCP0587,Neurologist,Northwest,7,160,1,26.806996373685774
HCP0588,Pulmonologist,Northeast,4,663,0,30.4358469097168
HCP0589,General Physician,Northwest,29,66,1,33.55470732581332
HCP0590,Neurologist,West,14,933,0,64.55660965148549
HCP0591,Cardiologist,West,3,590,1,55.01761746742763
HCP0592,Endocrinologist,West,24,220,1,45.35289066734482
HCP0593,Oncologist,Northeast,16,458,1,41.571008724175265
HCP0594,Pulmonologist,Northwest,4,789,1,50.63871535196918
HCP0595,Pulmonologist,Northeast,24,907,0,56.906334382887785
HCP0596,Oncologist,West,34,279,0,25.866617648377066
HCP0597,General Physician,Northwest,30,168,0,33.54355816215131
HCP0598,Pulmonologist,Northwest,18,833,0,35.86858480871212
HCP0599,Endocrinologist,Southwest,19,514,0,36.24592226009101
HCP0600,Cardiologist,Southwest,31,153,0,1.2081076599684373
HCP0601,Endocrinologist,Southeast,19,747,0,36.55396510991855
HCP0602,Endocrinologist,Midwest,19,224,0,40.99063933253612
HCP0603,Endocrinologist,Southwest,22,794,1,71.09959247107031
HCP0604,Endocrinologist,Northeast,24,714,0,58.89353161713973
HCP0605,Endocrinologist,Southwest,12,82,1,18.60929592461825
HCP0606,Endocrinologist,Southeast,30,104,0,22.524779328739534
HCP0607,General Physician,Northwest,31,568,0,54.260189865947225
HCP0608,Cardiologist,Southeast,19,805,1,65.81382319834867
HCP0609,Neurologist,Northwest,30,61,1,39.77655267500341
HCP0610,Neurologist,Northwest,33,769,0,67.2849341560993
HCP0611,General Physician,Midwest,18,604,0,25.11090564878971
HCP0612,Cardiologist,Southwest,28,422,1,46.78502144347313
HCP0613,Oncologist,Northeast,11,533,0,11.008851975645637
HCP0614,General Physician,Northeast,33,1022,0,50.596140817319004
HCP0615,General Physician,West,17,672,1,63.52631507467192
HCP0616,General Physician,Northwest,6,356,0,9.125588374001907
HCP0617,Endocrinologist,Northeast,4,506,0,30.77713059471797
HCP0618,Endocrinologist,Midwest,20,209,1,51.743580578410956
HCP0619,Pulmonologist,Northwest,27,380,0,29.522205551667913
HCP0620,General Physician,Midwest,15,825,0,48.231215851632214
HCP0621,Pulmonologist,Northeast,6,274,1,37.306972590333125
HCP0622,Pulmonologist,Northeast,14,1032,1,53.89281879289324
HCP0623,Endocrinologist,West,11,778,1,47.61910227798367
HCP0624,General Physician,Northeast,9,1118,0,41.80632856832793
HCP0625,Endocrinologist,Northwest,26,1132,0,56.774790620138795
HCP0626,Oncologist,Northwest,16,693,0,45.25133254472077
HCP0627,Neurologist,Northwest,5,665,0,24.68295332549772
HCP0628,Neurologist,West,10,244,0,15.55490047921984
HCP0629,Endocrinologist,West,3,538,1,28.76251833361162
HCP0630,Cardiologist,Northeast,13,206,1,43.29763852085917
HCP0631,Pulmonologist,Southeast,30,659,1,54.218908451985506
HCP0632,Endocrinologist,Southeast,6,461,1,52.914851467303386
HCP0633,Pulmonologist,West,17,1152,0,58.44387740465901
HCP0634,Endocrinologist,Northeast,19,1197,0,46.78714707751206
HCP0635,Neurologist,Southeast,26,520,1,49.86784448107676
HCP0636,Neurologist,Northeast,5,565,0,15.830042919991655
HCP0637,Cardiologist,Northeast,29,1177,0,71.62950045715664
HCP0638,Oncologist,Northeast,20,442,1,42.27776733128439
HCP0639,Cardiologist,Southwest,21,680,1,57.03644674409142
HCP0640,Cardiologist,Northwest,10,657,1,44.464363636376476
HCP0641,General Physician,Northeast,5,1029,1,55.286175958860476
HCP0642,Oncologist,Southwest,6,483,0,13.867789928906387
HCP0643,General Physician,West,26,589,1,62.82254682853275
HCP0644,Endocrinologist,Southeast,4,327,1,29.213331137391492
HCP0645,Pulmonologist,Northwest,1,282,1,24.203968255998614
HCP0646,General Physician,Southeast,24,1163,0,60.311929520173216
HCP0647,Pulmonologist,Northwest,6,411,1,28.80787329321243
HCP0648,Neurologist,Southeast,31,75,1,32.733603526725965
HCP0649,Neurologist,Northwest,20,1098,1,74.34953122964164
HCP0650,Oncologist,Southeast,24,556,1,41.59764421160445
HCP0651,General Physician,Southeast,25,316,1,33.59186018616698
HCP0652,General Physician,Southeast,21,510,0,47.08609908159015
HCP0653,General Physician,Southeast,30,505,1,49.60969448821162
HCP0654,Cardiologist,West,24,1141,1,70.8594963384959
HCP0655,General Physician,Northeast,30,1056,0,47.81441677648744
HCP0656,General Physician,Midwest,22,912,1,74.17344304140906
HCP0657,Endocrinologist,Southwest,28,540,1,42.997132842335176
HCP0658,Cardiologist,Midwest,7,1122,1,65.71424131018492
HCP0659,General Physician,Midwest,28,613,0,24.523830175672856
HCP0660,Pulmonologist,Northwest,14,1175,1,80.26276392678236
HCP0661,General Physician,Northeast,10,265,0,28.55218816717996
HCP0662,Cardiologist,Northwest,16,608,0,39.38488599446269
HCP0663,General Physician,Northeast,16,208,1,17.48644346456023
HCP0664,Endocrinologist,Northeast,31,538,0,48.57475594201628
HCP0665,Endocrinologist,Southeast,25,735,1,51.713978675275676
HCP0666,Endocrinologist,West,13,843,1,45.93188522280894
HCP0667,General Physician,Southeast,6,54,0,1.8496000687392562
HCP0668,Pulmonologist,West,9,410,0,18.23532911448832
HCP0669,Neurologist,Northwest,20,508,0,27.597800873326598
HCP0670,Oncologist,West,18,297,1,50.428471802355205
HCP0671,General Physician,Northwest,21,995,1,88.68049889508626
HCP0672,Oncologist,Midwest,4,471,0,8.268534375878785
HCP0673,General Physician,Midwest,33,64,1,29.642168955668044
HCP0674,Neurologist,West,27,785,1,64.64636389511958
HCP0675,Oncologist,West,7,1195,1,65.02929290182237
HCP0676,Neurologist,Northwest,6,326,1,36.0399356966281
HCP0677,Oncologist,Southeast,15,502,0,38.70037152102854
HCP0678,General Physician,Northwest,18,647,1,59.80527178694435
HCP0679,Neurologist,Southeast,32,495,0,45.059741693535905
HCP0680,Endocrinologist,Midwest,11,259,1,48.69538294520392
HCP0681,General Physician,Northeast,20,763,0,27.4104436286501
HCP0682,Oncologist,West,24,351,1,58.177027769170216
HCP0683,Neurologist,Southeast,15,52,1,21.61360913947015
HCP0684,General Physician,Northwest,7,1039,1,70.25141929113389
HCP0685,Pulmonologist,Midwest,21,1166,1,65.40843379072268
HCP0686,Cardiologist,Southeast,26,569,1,44.539931653331216
HCP0687,General Physician,Northwest,14,542,0,37.26110608106923
HCP0688,Pulmonologist,West,21,669,0,20.657561927890015
HCP0689,Oncologist,West,18,380,1,51.05315094161328
HCP0690,Cardiologist,Southwest,5,382,1,46.41333594237995
HCP0691,General Physician,Northeast,3,99,1,22.627472598439976
HCP0692,Pulmonologist,Southwest,23,912,0,52.65570559388081
HCP0693,Neurologist,Midwest,26,321,0,19.92930271131648
HCP0694,General Physician,Southeast,24,629,0,46.732798117603934
HCP0695,General Physician,Midwest,19,609,1,54.77239181244518
HCP0696,Endocrinologist,Northwest,25,745,1,51.1901256554677
HCP0697,Oncologist,West,21,1163,1,71.66498328942718
HCP0698,Endocrinologist,Southwest,12,495,0,25.940480339508127
HCP0699,General Physician,Southwest,33,1066,0,59.457107525200776
HCP0700,Cardiologist,Southwest,4,406,0,5.615664479699914
HCP0701,Pulmonologist,Midwest,7,323,0,24.482266577902447
HCP0702,General Physician,West,22,1092,1,70.75035910012892
HCP0703,General Physician,Southeast,33,360,0,34.04838460103836
HCP0704,Oncologist,Northwest,17,919,1,57.31925559636826
HCP0705,General Physician,Southeast,24,935,0,57.5229737205052
HCP0706,Cardiologist,Midwest,34,203,1,44.89506543612816
HCP0707,General Physician,Northwest,28,669,1,71.07270604669266
HCP0708,Cardiologist,Southwest,22,932,0,56.30807568410997
HCP0709,Oncologist,Northeast,17,846,0,43.02578756057626
HCP0710,General Physician,Midwest,34,174,0,19.299573679610987
HCP0711,Cardiologist,Midwest,6,668,1,54.99118932872368
HCP0712,Endocrinologist,West,6,294,0,12.883512195092814
HCP0713,General Physician,Southeast,34,897,1,70.18006744180722
HCP0714,General Physician,Midwest,1,499,0,19.695488615435828
HCP0715,Pulmonologist,Midwest,10,979,1,57.59211002793163
HCP0716,Pulmonologist,Southwest,21,569,0,34.22236277282244
HCP0717,Neurologist,Southwest,5,411,0,39.28713828396738
HCP0718,Endocrinologist,Northwest,2,57,0,0.0
HCP0719,Oncologist,Northeast,22,527,1,41.43975321402132
HCP0720,Endocrinologist,West,2,544,1,52.709576679453946
HCP0721,General Physician,Northeast,10,882,0,38.80834713249289
HCP0722,Pulmonologist,Northwest,34,1112,1,76.37181556359525
HCP0723,Neurologist,Southwest,16,642,0,46.308538317107775
HCP0724,Neurologist,Southeast,22,236,1,23.22745067764197
HCP0725,General Physician,Southwest,12,803,1,63.613875955023616
HCP0726,Endocrinologist,West,24,142,0,20.101945412680767
HCP0727,Pulmonologist,Southwest,10,135,0,16.001404766966388
HCP0728,Neurologist,West,32,1117,0,69.40433628602166
HCP0729,Pulmonologist,West,7,186,0,5.489597694070865
HCP0730,Cardiologist,West,21,470,1,57.144252170755536
HCP0731,General Physician,Northwest,20,123,0,11.06503892531956
HCP0732,General Physician,West,26,220,1,43.13527381571841
HCP0733,Pulmonologist,West,4,219,0,23.810828815191112
HCP0734,Pulmonologist,Southeast,22,921,0,64.83162351475542
HCP0735,General Physician,Northeast,15,371,1,36.39724123541346
HCP0736,General Physician,Midwest,21,505,0,37.72575541576015
HCP0737,Endocrinologist,Northeast,15,993,0,46.455237411247005
HCP0738,Pulmonologist,West,22,839,1,87.65533904795925
HCP0739,Pulmonologist,Southeast,28,662,0,51.45372455330794
HCP0740,Neurologist,Southwest,14,938,1,63.021870908076956
HCP0741,General Physician,Southeast,27,398,1,50.17908873541285
HCP0742,General Physician,West,28,59,1,37.5355487242184
HCP0743,General Physician,Southeast,26,789,1,67.18197174868695
HCP0744,Neurologist,Southeast,2,716,0,28.650978558705688
HCP0745,Cardiologist,West,25,595,0,35.19624246295318
HCP0746,General Physician,Northwest,3,178,0,7.631006900696638
HCP0747,General Physician,Southeast,8,650,0,20.325722882694173
HCP0748,Cardiologist,Midwest,33,654,1,68.35818266623583
HCP0749,General Physician,Midwest,6,376,1,26.11745249748688
HCP0750,General Physician,Southeast,23,1029,1,60.525812493360846
HCP0751,Neurologist,Northwest,25,453,1,48.06447538448382
HCP0752,Pulmonologist,Southwest,19,678,0,37.87671856525652
HCP0753,Oncologist,West,5,767,1,52.3919170218832
HCP0754,Cardiologist,Midwest,11,1090,1,61.13415349066415
HCP0755,Oncologist,Southwest,12,323,1,31.42378076689662
HCP0756,General Physician,Southeast,10,734,0,43.295464056732854
HCP0757,Cardiologist,Southwest,8,165,0,17.77583115282161
HCP0758,Oncologist,Northeast,24,910,0,57.62123208248524
HCP0759,Oncologist,Midwest,28,742,0,47.333828170298446
HCP0760,Neurologist,Southeast,21,1164,0,62.31078011803453
HCP0761,General Physician,West,8,1155,0,55.12143148362132
HCP0762,Oncologist,Northwest,9,373,1,29.16305795696454
HCP0763,Oncologist,Southeast,15,1010,0,65.50069991958966
HCP0764,General Physician,West,18,163,0,30.410282998227032
HCP0765,Neurologist,Northwest,20,1131,0,66.61413510800466
HCP0766,Endocrinologist,Northwest,6,203,0,7.6494877282981415
HCP0767,Neurologist,Southeast,12,364,1,42.45326239921746
HCP0768,Cardiologist,Southwest,2,1114,0,57.45955568513297
HCP0769,Endocrinologist,Southwest,7,154,0,0.0
HCP0770,Neurologist,Northwest,16,403,1,57.921725804119475
HCP0771,Neurologist,Southwest,3,1065,0,28.806625141574884
HCP0772,General Physician,Northeast,3,782,1,56.42533973426703
HCP0773,Oncologist,Northwest,27,758,0,61.623884048322516
HCP0774,Pulmonologist,Northwest,33,700,0,46.96627429874389
HCP0775,Pulmonologist,West,28,873,1,65.96152141530311
HCP0776,Cardiologist,Southwest,1,996,0,48.85204652296046
HCP0777,Pulmonologist,Northwest,8,710,1,67.74772451666536
HCP0778,Endocrinologist,Northeast,32,148,0,21.65715987789628
HCP0779,General Physician,West,4,637,1,36.08434950155777
HCP0780,Cardiologist,Southeast,30,331,0,26.731334834062096
HCP0781,Neurologist,Northwest,6,452,1,21.78396617571758
HCP0782,Cardiologist,Northeast,19,1182,0,69.2081554282543
HCP0783,General Physician,Midwest,32,749,1,59.43143346617803
HCP0784,Neurologist,Northeast,9,248,0,13.418697014064577
HCP0785,Pulmonologist,Northeast,12,376,0,31.6592856667381
HCP0786,Cardiologist,West,11,203,0,10.996143205358486
HCP0787,General Physician,Southeast,16,601,0,41.83818883274779
HCP0788,Endocrinologist,Midwest,1,454,0,9.154620392079407
HCP0789,General Physician,Southwest,21,511,1,57.93222352300606
HCP0790,Endocrinologist,Southwest,30,181,1,43.12247544239572
HCP0791,Endocrinologist,Northeast,13,840,1,56.63050041862036
HCP0792,Cardiologist,West,34,923,0,59.29222644167689
HCP0793,Neurologist,West,4,133,0,0.0
HCP0794,Pulmonologist,Southwest,28,803,1,65.62219624481641
HCP0795,Cardiologist,Midwest,31,677,0,44.576618771329535
HCP0796,General Physician,Southeast,27,1182,0,52.207678908155685
HCP0797,Neurologist,Midwest,5,270,0,7.4245840767992215
HCP0798,Neurologist,Northwest,25,602,1,53.139460536598456
HCP0799,Neurologist,Northwest,3,161,1,17.366510063637712
HCP0800,Neurologist,Southeast,33,664,0,22.472010490013787
